{
    "equipments": [
        {
            "name": "EPT 001"
        },
        {
            "name": "EPT 002"
        },
        {
            "name": "EPT 003"
        },
        {
            "name": "EPT 004"
        },
        {
            "name": "EPT 005"
        },
        {
            "name": "EPT 006"
        },
        {
            "name": "EPT 007"
        },
        {
            "name": "EPT 008"
        },
        {
            "name": "EPT 009"
        },
        {
            "name": "EPT 010"
        },
        {
            "name": "EPT 011"
        },
        {
            "name": "EPT 012"
        },
        {
            "name": "EPT 013"
        },
        {
            "name": "EPT 014"
        },
        {
            "name": "EPT 015"
        },
        {
            "name": "EPT 016"
        },
        {
            "name": "EPT 017"
        },
        {
            "name": "EPT 018"
        },
        {
            "name": "EPT 019"
        },
        {
            "name": "EPT 020"
        },
        {
            "name": "OPT 001"
        },
        {
            "name": "OPT 002"
        },
        {
            "name": "OPT 003"
        },
        {
            "name": "OPT 004"
        },
        {
            "name": "OPT 005"
        },
        {
            "name": "OPT 006"
        },
        {
            "name": "OPT 007"
        },
        {
            "name": "OPT 008"
        },
        {
            "name": "OPT 009"
        },
        {
            "name": "OPT 010"
        },
        {
            "name": "OPT 011"
        },
        {
            "name": "OPT 012"
        },
        {
            "name": "OPT 013"
        },
        {
            "name": "OPT 014"
        },
        {
            "name": "OPT 015"
        },
        {
            "name": "OPT 016"
        },
        {
            "name": "OPT 017"
        },
        {
            "name": "OPT 018"
        },
        {
            "name": "OPT 019"
        },
        {
            "name": "OPT 020"
        },
        {
            "name": "STK 001"
        },
        {
            "name": "STK 002"
        },
        {
            "name": "STK 003"
        },
        {
            "name": "STK 004"
        },
        {
            "name": "STK 005"
        },
        {
            "name": "STK 006"
        },
        {
            "name": "STK 007"
        },
        {
            "name": "STK 008"
        },
        {
            "name": "STK 009"
        },
        {
            "name": "STK 010"
        },
        {
            "name": "STK 011"
        },
        {
            "name": "STK 012"
        },
        {
            "name": "STK 013"
        },
        {
            "name": "STK 014"
        },
        {
            "name": "STK 015"
        },
        {
            "name": "STK 016"
        },
        {
            "name": "STK 017"
        },
        {
            "name": "STK 018"
        },
        {
            "name": "STK 019"
        },
        {
            "name": "STK 020"
        }
    ]
}